Title,Description,View Count,Subscriber Count,Video Count,Country,Topics
MrBeast,"SUBSCRIBE FOR A COOKIE!
Accomplishments:
- Raised $20,000,000 To Plant 20,000,000 Trees
- Removed 30,000,000 pounds of trash from the ocean
- Built wells in Africa
- helped 1,000 blind people see
- helped 1,000 deaf people hear
- Given millions to charity
- Started my own snack company Feastables
- Donated over 100 cars lol
- Gave away a private island (twice)
- Gave away 1 million dollars in one video
- Counted to 100k
- Read the Dictionary
- Read Bee Movie Script
- Read Longest English Word
- Watched Paint Dry
- Ubering Across America
- Watched It's Every Day Bro For 10 Hours
- Ran a marathon in the world's largest shoes
- Adopted every dog in a shelter
- Bought $1,000,000 in lottery tickets
- Sold houses for $1
- I got buried alive
- Recreated Squid Game in real life
- Gave away a chocolate factory
- Gave away private jet
- Survived 50 hours in Antarctica
You get the point haha


*Do not email me asking for money, I give away money because it makes me happy :)",42640209087,237000000,775,US,"https://en.wikipedia.org/wiki/Entertainment, https://en.wikipedia.org/wiki/Lifestyle_(sociology)"
PewDiePie,I make videos.,29224765192,111000000,4750,JP,"https://en.wikipedia.org/wiki/Video_game_culture, https://en.wikipedia.org/wiki/Lifestyle_(sociology)"
Cocomelon - Nursery Rhymes,"At CoComelon, our primary goal has always been to engage families with entertaining and educational content that makes universally-relatable preschool moments fun. 
Our beautiful 3D animation and toe-tapping songs create a world that centers on the everyday experiences of young children. 
In addition to helping preschoolers learn letters, numbers, animal sounds, colors, and more, 
the videos impart prosocial life lessons, providing parents with an opportunity to teach and play with their children as they watch together.

CoComelon. Where kids can be happy and smart!

Music ‚ñ∫ https://cocomelon.lnk.to/TheCompleteCollectionYT!DSC
Instagram ‚ñ∫https://www.instagram.com/cocomelon_official/ 
Facebook ‚ñ∫https://www.facebook.com/CoComelonKids 
TikTok ‚ñ∫ https://www.tiktok.com/@cocomelon
Moonbug ‚ñ∫ https://www.moonbug.com/about
",175653804169,171000000,1078,US,"https://en.wikipedia.org/wiki/Film, https://en.wikipedia.org/wiki/Entertainment, https://en.wikipedia.org/wiki/Music"
SET India,"Sony Entertainment Television is one of the leading Hindi General Entertainment channels in India. Since its launch in October 1995, SET has created a unique space, in television programming, with movie premieres, fiction & non‚Äìfiction shows.
The Kapil Sharma Show, Shark Tank India, Kaun Banega Crorepati, Indian Idol, Bade Achhe Lagte Hain, Adaalat, CID, Crime Patrol and Super Dancer are some of the popular shows by Sony. Drama, suspense, romance & reality, you name and we have it all for you.
",158363319764,168000000,128965,IN,"https://en.wikipedia.org/wiki/Entertainment, https://en.wikipedia.org/wiki/Television_program"
‚úø Kids Diana Show,"Welcome to Diana and Roma world - where Diana, Roma, little Oliver and their parents play, learn, sing, explore and share their life experiences. Millions of kids and families from all over the world join Diana and Roma every day to explore the world and learn about songs, numbers, nature, colors, shapes, animals, and the importance of eating healthy food, washing hands, being a good friend, and much more.
All rights reserved. This visual production contains original artistic content and ideas and is protected by U.S. and international laws. Reproduction and distribution of this visual presentation without written expressed permission of the copyright holder/ author is prohibited.
Diana and Roma is the top rated kids' YouTube channel . Since launching on YouTube in 2015, Kids Diana Show has attracted over 200+ million worldwide subscribers and 100+ billion views, while on average 10 billion monthly views on 20 channels and translated into 20 languages.
E-mail: dianaromabiz@gmail.com",99893686749,119000000,1158,US,"https://en.wikipedia.org/wiki/Hobby, https://en.wikipedia.org/wiki/Lifestyle_(sociology)"
Like Nastya,"Welcome to Nastya's universe - where Nastya and her parents play, learn, sing, explore and share their life experiences. 

Millions of kids and families from all over the world join Nastya every day to explore the world and learn about songs, numbers, nature, colors, shapes, animals, and the importance of eating healthy food, washing hands, being a good friend, and much more.

Follow Like Nastya on Instagram - https://www.instagram.com/likenastya/
Follow Like Nastya on TikTok - https://www.tiktok.com/@likenastya

Copyright ¬© 2019 Like Nastya, LLC. All rights reserved. This visual production contains original artistic content and ideas and is protected by U.S. and international laws. Reproduction and distribution of this visual presentation without written expressed permission of the copyright holder/ author is prohibited.  For permission requests, write to copyright holder/ author, addressed to info@likenastya.com",97458967938,112000000,865,US,"https://en.wikipedia.org/wiki/Hobby, https://en.wikipedia.org/wiki/Lifestyle_(sociology), https://en.wikipedia.org/wiki/Entertainment"
Vlad and Niki,"‚ÄúVlad & Niki‚Äù is the global preschool phenomenon and highest rated kids channel on YouTube starring the imaginative personalities and antics of brothers Vlad and Niki, who are showcased in non-stop fun and crazy adventures. Since launching on YouTube in 2018, the ‚ÄúVlad & Niki‚Äù has attracted more than 405+ million subscribers worldwide and 220+ billion views, while averaging five billion monthly views on 21 channels and translated into 18 languages. Each episode is produced with a creative mix of live action, animation and music to create comedic videos for the preschool demographic. ""Vlad & Niki"" is the property of Content Media Group FZC, LLC, headed by co-founders Sergey and Victoria Vashketov, the parents of global superstar kidfluencers Vlad and Niki.

Contact for advertising
vladandniki@underscoretalent.com
",84837693284,110000000,655,US,"https://en.wikipedia.org/wiki/Hobby, https://en.wikipedia.org/wiki/Lifestyle_(sociology), https://en.wikipedia.org/wiki/Music"
WWE,"WWE on YouTube is your number one spot to catch WWE original shows and exclusives!

Watch videos from all of your favorite WWE Superstars, backstage fallout from live shows including Raw, SmackDown, NXT and original shows such as Top 10, List This, WWE's The Bump and much more! 

Subscribe - https://goo.gl/2YO0Is

Stream WWE on Peacock https://pck.tv/2PIAQJI in the U.S. and on WWE Network http://wwe.yt/wwenetwork everywhere else.
",81499721473,99400000,73872,N/A,"https://en.wikipedia.org/wiki/Performing_arts, https://en.wikipedia.org/wiki/Sport, https://en.wikipedia.org/wiki/Professional_wrestling, https://en.wikipedia.org/wiki/Entertainment, https://en.wikipedia.org/wiki/Lifestyle_(sociology)"
Goldmines Dishoom,"Welcome to Goldmines Dishoom. One of the Finest Destination for all Blockbuster Hindi Dubbed Action Movies on YouTube. 
Enjoy Watching The Most Unbelievable, Bone Crunching, Skull Cracking, Cult Action Movies. 

Subscribe NOW!",9465814107,30100000,4591,N/A,"https://en.wikipedia.org/wiki/Entertainment, https://en.wikipedia.org/wiki/Film"
BLACKPINK,"BLACKPINK Official YouTube Channel
Î∏îÎûôÌïëÌÅ¨ Í≥µÏãù Ïú†ÌäúÎ∏å Ï±ÑÎÑêÏûÖÎãàÎã§.

JISOO, JENNIE, ROS√â, LISA
ÏßÄÏàò, Ï†úÎãà, Î°úÏ†ú, Î¶¨ÏÇ¨",34596981027,92900000,592,KR,"https://en.wikipedia.org/wiki/Pop_music, https://en.wikipedia.org/wiki/Music_of_Asia, https://en.wikipedia.org/wiki/Music"
5-Minute Crafts,"Fun diy-projects, crafts, experience the joy of doing it yourself!
OFFICIAL CHANNEL.

5-MINUTE CRAFTS SHOP: bit.ly/walmart-5-minute-crafts-kits

For brand partnership enquires: brands@thesoul-publishing.com",27031254880,80600000,6854,US,"https://en.wikipedia.org/wiki/Hobby, https://en.wikipedia.org/wiki/Lifestyle_(sociology), https://en.wikipedia.org/wiki/Food"
BANGTANTV,This is the official YouTube channel of BTS. Î∞©ÌÉÑÏÜåÎÖÑÎã® Í≥µÏãù Ïú†ÌäúÎ∏å Ï±ÑÎÑê ÏûÖÎãàÎã§.,22285500770,77400000,2443,N/A,"https://en.wikipedia.org/wiki/Music, https://en.wikipedia.org/wiki/Entertainment, https://en.wikipedia.org/wiki/Pop_music, https://en.wikipedia.org/wiki/Music_of_Asia"
Sony SAB,"Sony SAB brings you stories and characters, that inspire hope and happiness; to add a little bit of meaning to your life and that Khushiyon Wali Feeling!
",110194978622,89200000,79439,IN,"https://en.wikipedia.org/wiki/Television_program, https://en.wikipedia.org/wiki/Entertainment, https://en.wikipedia.org/wiki/Film"
Zee TV,"Launched in 1992, ZEE TV is the pioneer of television entertainment industry in India. Official account of India‚Äôs pioneering Hindi General Entertainment Channel of India.
Our innovative programming has set new benchmarks, and helped us connect with over 3 billion viewers across world. We celebrate the hopes and ambitions of the great Indian middle class community like no other.
",85213980674,77200000,162530,IN,"https://en.wikipedia.org/wiki/Film, https://en.wikipedia.org/wiki/Television_program, https://en.wikipedia.org/wiki/Entertainment"
HYBE LABELS,"Welcome to the official YouTube channel of HYBE, the content hub for BIGHIT MUSIC, BELIFT LAB, SOURCE MUSIC, PLEDIS Entertainment, KOZ ENTERTAINMENT, ADOR and more.",32208410187,73900000,1612,KR,"https://en.wikipedia.org/wiki/Music, https://en.wikipedia.org/wiki/Music_of_Asia, https://en.wikipedia.org/wiki/Pop_music"
Pinkfong Baby Shark - Kids' Songs & Stories,"Welcome to Pinkfong's official YouTube channel. Meet Pinkfong‚Äôs fun, educational videos that captured the hearts of millions of children around the world.

Subscribe to Pinkfong Baby Shark‚Äôs channel for kids‚Äô favorite songs & stories created by professionals in child education.

Follow Pinkfong on social media for new updates and free promotions.
‚òÖ Website: https://www.thepinkfongcompany.com/
‚òÖ Twitter: https://twitter.com/pinkfong
‚òÖ Instagram: https://www.instagram.com/pinkfong.official
‚òÖ Facebook: https://www.facebook.com/pinkfong.official
‚òÖ TikTok: https://www.tiktok.com/@pinkfong_official 

[IMPORTANT]
Kindly be noted using The Pinkfong company‚Äôs all creative content such as music or animation (collectively as ""Content"") with no prior permission from The Pinkfong Company is illegal. 

For any inquiries about using Pinkfong's Content for commercial or non-commercial use, kindly contact us through below business inquiry link:
https://bizhelp.pinkfong.com/hc/en-us
",41945221221,72600000,3160,US,"https://en.wikipedia.org/wiki/Film, https://en.wikipedia.org/wiki/Entertainment, https://en.wikipedia.org/wiki/Music"
Shemaroo Filmi Gaane,"Welcome to Shemaroo Filmi Gaane, a treat for every music lover and Bollywood connoisseur! Chart buster songs from super-hit movies like Anand, Don, Bobby, Prem Rog and more. 

Celebrating the Golden Jubilee, Shemaroo Entertainment Ltd is among few entertainment companies that has hallmarked several pioneering efforts with its innovative and out- of-the- box thinking. Founded in 1962, Shemaroo Entertainment Ltd is an established media content house in the country, active in Content Acquisition, Value Addition to Content and Content Distribution with a large content library of over 2900 titles.Shemaroo is engaged in the distribution of content for satellite channels, physical formats and emerging digital technologies like the Mobile, Internet, Broadband, IPTV and DTH among others. With its partnership with the major telecom operators and other digital media platforms, Shemaroo is at the forefront of the digital age. 

SUBSCRIBE now for Old & New Bollywood Songs !!",29800878268,67500000,8739,IN,"https://en.wikipedia.org/wiki/Entertainment, https://en.wikipedia.org/wiki/Film, https://en.wikipedia.org/wiki/Music, https://en.wikipedia.org/wiki/Music_of_Asia"
Canal KondZilla,"Somos o maior canal de m√∫sica urbana do MUNDO! Com muita alegria trabalhamos para voc√™ encontrar aqui e curtir os maiores hits de Funk, Trap e Drill que est√£o nos topos das paradas de sucesso de todo o Brasil e estourado em todas as favelas.

Tel.: (11) 2385-0126 | contato@kondzilla.com

¬©2024 KondZilla¬Æ",37852588808,66900000,2733,BR,"https://en.wikipedia.org/wiki/Hip_hop_music, https://en.wikipedia.org/wiki/Music, https://en.wikipedia.org/wiki/Music_of_Latin_America"
T-Series Bhakti Sagar,"T-Series being the biggest Music Company not only enjoys it's top position in Bollywood music but also boasts of being the Biggest Bhakti Channel. T-Series Bhakti Sagar is dedicated to bring an experience of Divine spirituality comprising of a huge Catalogue of Bhajans of different Gods. From Bhajans of Atma-Bhakti to Ishwara-Bhakti, Ishta Devata-Bhakti, Guru-Bhakti and many more, the channel would take you on a Bhakti Marga of spirituality and Peace. So, surrender yourself to God only with T-Series Bhakti Sagar.",32605801235,65800000,27242,IN,"https://en.wikipedia.org/wiki/Music, https://en.wikipedia.org/wiki/Music_of_Asia"
Tips Official,"The proud history of Tips Industries Limited stretches back over four decades ago, it was founded by Kumar S. Taurani and Ramesh S. Taurani in 1975. Its distributors serve more than 1,000 wholesalers and 400,000 retailers across India. A treat for every music lover and Bollywood connoisseur! Chart buster songs from super-hit movies like Dil Hai Tumhara, Ramaiya Vastavaiya, Ajab Prem Ki Gazab Kahani and more.

Tips Music - Home To India's Biggest Music Hits. Subscribe to our channel to listen to chartbusters in the making, see premieres of blockbuster videos and get your daily dose of some great music right here.

Subscribe to the Tips Official YouTube channel for all the latest and The Must Have Hits.
",36632437237,63600000,5367,IN,"https://en.wikipedia.org/wiki/Music, https://en.wikipedia.org/wiki/Music_of_Asia"
Aaj Tak,"Watch Aaj Tak Live TV and stay tuned for all the breaking news in Hindi !
Aaj Tak is India's leading Hindi News Channel. Aaj Tak News channel covers latest news in Politics, Entertainment, Bollywood, business and sports.

‡§Ü‡§ú ‡§§‡§ï ‡§≠‡§æ‡§∞‡§§ ‡§ï‡§æ ‡§∏‡§∞‡•ç‡§µ‡§∂‡•ç‡§∞‡•á‡§∑‡•ç‡§† ‡§π‡§ø‡§Ç‡§¶‡•Ä ‡§®‡•ç‚Äç‡§Ø‡•Ç‡§ú ‡§ö‡•à‡§®‡§≤ ‡§π‡•à ‡•§
‡§Ü‡§ú ‡§§‡§ï ‡§®‡•ç‚Äç‡§Ø‡•Ç‡§ú ‡§ö‡•à‡§®‡§≤ ‡§∞‡§æ‡§ú‡§®‡•Ä‡§§‡§ø, ‡§Æ‡§®‡•ã‡§∞‡§Ç‡§ú‡§®, ‡§¨‡•â‡§≤‡•Ä‡§µ‡•Å‡§°, ‡§µ‡•ç‡§Ø‡§æ‡§™‡§æ‡§∞ ‡§î‡§∞ ‡§ñ‡•á‡§≤ ‡§Æ‡•á‡§Ç ‡§®‡§µ‡•Ä‡§®‡§§‡§Æ ‡§∏‡§Æ‡§æ‡§ö‡§æ‡§∞‡•ã‡§Ç ‡§ï‡•ã ‡§∂‡§æ‡§Æ‡§ø‡§≤ ‡§ï‡§∞‡§§‡§æ ‡§π‡•à‡•§
‡§Ü‡§ú‡§§‡§ï ‡§®‡•ç‚Äç‡§Ø‡•Ç‡§ú ‡§ö‡•à‡§®‡§≤ ‡§ï‡•Ä ‡§≤‡§æ‡§á‡§µ ‡§ñ‡§¨‡§∞‡•á‡§Ç ‡§è‡§µ‡§Ç ‡§¨‡•ç‡§∞‡•á‡§ï‡§ø‡§Ç‡§ó ‡§®‡•ç‡§Ø‡•Ç‡§ú ‡§ï‡•á ‡§≤‡§ø‡§è ‡§¨‡§®‡•á ‡§∞‡§π‡•á‡§Ç ‡•§

Website: https://www.aajtak.in/",28824093704,62000000,334408,IN,https://en.wikipedia.org/wiki/Society
Movieclips,"Rotten Tomatoes MOVIECLIPS is the largest collection of movie clips on the web. We‚Äôve curated the best moments, scenes, and lines from all your favorite films to share, discuss, and relive. We celebrate all movies from all eras and genres whether they are Fresh or Rotten, blockbusters or indies. Welcome home, movie lovers!  

We invite you to join the conversation on YouTube or leave a review on RottenTomatoes.com, but please read our Community Guidelines so that the discussion can be useful and enjoyable for everyone. http://editorial.rottentomatoes.com/otg-article/community-code-of-conduct/ 
",60957204732,60600000,40069,US,"https://en.wikipedia.org/wiki/Film, https://en.wikipedia.org/wiki/Entertainment"
Wave Music,"This is the official YouTube channel of Wave Music, the leading bhojpuri music record label from India. We offer songs and music from popular bhojpuri albums and movies. All the latest tracks of famous bhojpuri artists such as Pawan Singh, Ravi Kishan, Dinesh Lal Yadav ""Nirahua"", Khesari Lal Yadav, Indu Sonali, Manoj Tiwari, Kalpana and many others, are available for streaming. The channel has more than 5000 tracks of 500+ artists of different categories such as lokgeet, devi geet, chathh geet, bhakti albums and movie songs.
Wave Music is leading Bhojpuri record label with More than 100000 tracks of 1000+ artists of different categories catalog of more than 400 movies.",41973521598,60600000,19879,IN,"https://en.wikipedia.org/wiki/Music_of_Asia, https://en.wikipedia.org/wiki/Music"
Infobells - Hindi,"Infobells Interactive Solutions is a multi-faceted E-Learning firm, engaged in publishing and marketing of Interactive Educational & Edutainment video content, covering a wide variety of categories like Children Rhymes, Animated Stories, Kids Education, Reference, Lifestyle, Self Improvement, CBT's etc.

Infobells showed a natural interest towards the Hindi language and produced a one of a kind 3D character animated ""Favourite Hindi Rhymes""-  A superb collection of fun filled traditional Hindi Rhymes. ",34287862311,59400000,639,IN,"https://en.wikipedia.org/wiki/Entertainment, https://en.wikipedia.org/wiki/Film, https://en.wikipedia.org/wiki/Music"
Sony Music India,"Welcome to Sony Music India's official YouTube channel, the ultimate destination for music enthusiasts and fans of the Indian music scene. Immerse yourself in a world of melodies, rhythms, and harmonies as we proudly present ""Sony Music India - Home To India's Biggest Music Hits.""

Step into a realm where musical brilliance knows no bounds, and every beat resonates with the heartbeat of a nation. With a legacy that spans genres and generations, our channel is a testament to the power of music to unite, inspire, and captivate. From timeless classics to contemporary chart-toppers, we curate a diverse range of sounds that cater to every palate.

hit that subscribe button and become a part of our musical family. Tune in daily to satiate your cravings for remarkable tunes, captivating visuals, and the sheer joy that great music brings. 

üëâ Subscribe: - https://www.youtube.com/@SonyMusicIndia/videos
",30743699848,59200000,4359,IN,"https://en.wikipedia.org/wiki/Music, https://en.wikipedia.org/wiki/Music_of_Asia"
EminemMusic,"Marshall Bruce Mathers III, better known by his stage name Eminem (stylized as EMIN∆éM) and by his alter ego Slim Shady, is an American rapper, record producer, songwriter and actor. Eminem, along with his solo career, is a member of his group D12, and also one half of the hip hop duo Bad Meets Evil, with Royce da 5'9"". Eminem is one of the best-selling artists in the world and is the best-selling artist of the 2000s.",28841932528,58800000,160,N/A,"https://en.wikipedia.org/wiki/Film, https://en.wikipedia.org/wiki/Entertainment, https://en.wikipedia.org/wiki/Hip_hop_music, https://en.wikipedia.org/wiki/Music"
YRF,"Films. Music. Artistes.
At our core, we‚Äôre storytellers.
Celebrating the legacy #YRF50

From making high-budget blockbusters to youth-oriented films, from working with the biggest actors of the industry to launching young talent in films, from being the distribution house with the strongest global foothold to pioneering new formats of distribution and exploring newer territories, from launching compelling story-telling forms to the numerous digitally led innovations, Yash Raj Films (YRF) has maintained its flagship position across all verticals since its genesis.",39159046067,58300000,3955,IN,"https://en.wikipedia.org/wiki/Film, https://en.wikipedia.org/wiki/Music_of_Asia, https://en.wikipedia.org/wiki/Entertainment, https://en.wikipedia.org/wiki/Music"
Marshmello,Marshmello's Official YouTube Channel,15277500103,56800000,465,US,"https://en.wikipedia.org/wiki/Hip_hop_music, https://en.wikipedia.org/wiki/Electronic_music, https://en.wikipedia.org/wiki/Music, https://en.wikipedia.org/wiki/Pop_music"
Taylor Swift,"All‚Äôs fair in love and poetry... New album THE TORTURED POETS DEPARTMENT. 
Out April 19 ü§ç

",33022526691,56300000,225,N/A,"https://en.wikipedia.org/wiki/Music, https://en.wikipedia.org/wiki/Pop_music"
LooLoo Kids - Nursery Rhymes and Children's Songs,"Welcome to LooLoo Kidsüíñ is an engaging and educational YouTube channel designed for children and parents alike. With a vast collection of songs, stories, and games, our content is tailored to entertain and inspire kids of all ages while promoting critical thinking, creative exploration, and a sense of imagination. Our upbeat and catchy songs feature colorful visuals and lovable characters like Johny, Emmy, Monica, Laura, Siu, and Li, who take kids on exciting adventures while teaching them valuable lessons about manners, weather, the alphabet, and more. Our stories and games are designed to be fun and educational, providing a unique learning experience that helps children discover and explore the world around them. At LooLoo Kids, we take education seriously, which is why we ensure that Johny and his friends are always having fun while learning from every adventure and activity. 
",33768271660,56000000,785,US,"https://en.wikipedia.org/wiki/Film, https://en.wikipedia.org/wiki/Music, https://en.wikipedia.org/wiki/Entertainment"
Ed Sheeran,"Ed Sheeran‚ÄØmay be the quintessential pop star of the 2010s: an internationally acclaimed, multi-award winning singer/songwriter who seems to acknowledge no boundaries between styles or eras with elements of folk, hip-hop, pop, dance, soul, and rock woven throughout his music. 

 His incredible catalogue includes the studio albums ‚Äò+‚Äô (plus), ‚Äòx‚Äô (multiply) and ‚Äò√∑‚Äô (divide) which spawned hit singles such as ‚ÄòThe A team‚Äô , ‚ÄôLego House‚Äô, ‚ÄòSing;, ‚ÄòThinking Out Loud‚Äô, ‚ÄòPhotograph‚Äô, ‚ÄòShape Of You‚Äô, ‚ÄòCastle on The Hill‚Äô and ‚ÄòPerfect‚Äô. 
 
In 2019, Ed Sheeran released the genre-spanning ‚ÄòNo.6 Collaborations Project‚Äô which featured a wide-range of artists including ‚ÄòJustin Bieber‚Äô, ‚ÄòCamilla‚Äô Cabello‚Äô, ‚ÄòTravis Scott‚Äô, ‚ÄòEminem‚Äô, ‚ÄòCardi B, ‚ÄòBruno Mars‚Äô and ‚ÄòStormzy‚Äô amongst many others, producing hits such as ‚ÄòI Don‚Äôt Care‚Äô, ‚ÄòBeautiful People‚Äô, ‚ÄòSouth of The Border‚Äô and ‚ÄòTake Me Back To London‚Äô.
",31472569633,54100000,455,N/A,"https://en.wikipedia.org/wiki/Pop_music, https://en.wikipedia.org/wiki/Music"
Ariana Grande," 
",25172247279,53500000,168,N/A,"https://en.wikipedia.org/wiki/Pop_music, https://en.wikipedia.org/wiki/Music"
Shemaroo,"Welcome to ShemarooEnt, one of the finest destinations for exclusive entertainment content on YouTube. 

Celebrating the Golden Jubilee, Shemaroo Entertainment Ltd is among few entertainment companies that has hallmarked several pioneering efforts with its innovative and out-of-the-box thinking. Founded in 1962, Shemaroo Entertainment Ltd is an established media content house in the country, active in Content Acquisition, Value Addition to Content, and Content Distribution with a large content library of over 2900 titles.


",24020305151,51500000,11699,IN,"https://en.wikipedia.org/wiki/Entertainment, https://en.wikipedia.org/wiki/Film, https://en.wikipedia.org/wiki/Television_program"
Badabun,,19642954081,47300000,20636,MX,"https://en.wikipedia.org/wiki/Politics, https://en.wikipedia.org/wiki/Entertainment, https://en.wikipedia.org/wiki/Society, https://en.wikipedia.org/wiki/Lifestyle_(sociology)"
ARY Digital HD,"ARY Digital is the most watched Entertainment channel in Pakistan. ARY Digital is the flagship channel of ARY Network.

¬©Ô∏è Copyright: All rights reserved by ARY Digital Network.
",47283962097,50700000,129276,PK,"https://en.wikipedia.org/wiki/Television_program, https://en.wikipedia.org/wiki/Entertainment, https://en.wikipedia.org/wiki/Film"
A4,"–ö–∞–Ω–∞–ª –Ω–∞–∑—ã–≤–∞–µ—Ç—Å—è –ê4, –ø–æ—á–µ–º—É —Ç–∞–∫? –¢–µ–±–µ –Ω—É–∂–Ω–æ –∑–∞–π—Ç–∏ –Ω–∞ –Ω–µ–≥–æ, –ø–æ—Å–º–æ—Ç—Ä–µ—Ç—å –ø–∞—Ä—É –≤–∏–¥–µ–æ –∏ —Ç–æ–≥–¥–∞ —Ç—ã –ø–æ–π–º–µ—à—å –≤ —á–µ–º –¥–µ–ª–æ!) –ù–∞ –∫–∞–Ω–∞–ª–µ —Ç—ã —Å–º–æ–∂–µ—à—å –Ω–∞–π—Ç–∏ –∏–Ω—Ç–µ—Ä–µ—Å–Ω–æ–≥–æ –ø–∞—Ä–Ω—è, –∫–æ—Ç–æ—Ä—ã–π –≤—Å–µ–≥–¥–∞ —Ä–∞—Å—Å–∫–∞–∂–µ—Ç —Ç–µ–±–µ —á—Ç–æ-–Ω–∏–±—É–¥—å –∏–Ω—Ç–µ—Ä–µ—Å–Ω–æ–µ, —Ä–∞—Å—Å–º–µ—à–∏—Ç –∏ –ø—Ä–æ—Å—Ç–æ –ø–æ–¥–Ω–∏–º–µ—Ç –Ω–∞—Å—Ç—Ä–æ–µ–Ω–∏–µ. –ü–æ–¥–ø–∏—Å—ã–≤–∞–π—Å—è –∏ —Å—Ç–∞–Ω–æ–≤–∏—Å—å –ë–£–ú–ê–ñ–ù–´–ú!

‚ñ∂ –°—Å—ã–ª–∫–∞ –Ω–∞ –ú–ï–†–ß –í–õ–ê–î–ê –ê4 - https://a4shop.ru

‚ñ∂ –†–ï–ö–õ–ê–ú–ê, –°–û–¢–†–£–î–ù–ò–ß–ï–°–¢–í–û - –Ω–∏–∂–µ –≤ —Ä–∞–∑–¥–µ–ª–µ ""–î–æ–ø–æ–ª–Ω–∏—Ç–µ–ª—å–Ω–æ""

t.me/A4omg

–í–õ–ê–î –ê4, –ê4, A4, –í–õ–ê–î –ë–£–ú–ê–ì–ê",26429259208,50700000,863,BY,"https://en.wikipedia.org/wiki/Entertainment, https://en.wikipedia.org/wiki/Lifestyle_(sociology)"
HAR PAL GEO,"Geo Entertainment is the hub of blockbuster drama serials, feature films, telefilms and mega-hit original soundtracks enriched with Urdu prose. Being the most-watched and most subscribed channel in the Pakistani region, Har Pal Geo famously caters to an international audience as well.

Stay subscribed to Har Pal Geo for quality entertainment ranging from classical love stories to close-to-reality narratives surrounding social issues‚Äî all accessible at the comfort of your home.
",48542206215,50300000,120729,PK,"https://en.wikipedia.org/wiki/Film, https://en.wikipedia.org/wiki/Television_program, https://en.wikipedia.org/wiki/Entertainment"
Get Movies,"–ü–æ –≤—Å–µ–º –≤–æ–ø—Ä–æ—Å–∞–º —Å–æ—Ç—Ä—É–¥–Ω–∏—á–µ—Å—Ç–≤–∞ –∏ —Ä–∞–∑–º–µ—â–µ–Ω–∏—è —Ä–µ–∫–ª–∞–º—ã –æ–±—Ä–∞—â–∞–π—Ç–µ—Å—å partnership@xmediadigital.ru
For all partnership and advertising requests please contact us by e-mail partnership@xmediadigital.ru

GetMovies - –ü–µ—Ä–≤—ã–π —Å–µ–º–µ–π–Ω—ã–π –∫–∞–Ω–∞–ª! –¢—É—Ç –≤—ã –Ω–∞–π–¥–µ—Ç–µ –º—É–ª—å—Ç—Ñ–∏–ª—å–º—ã –Ω–∞ –ª—é–±–æ–π –≤–∫—É—Å - –¥–ª—è –º–∞–ª—ã—à–µ–π, –¥–ª—è –¥–µ—Ç–µ–π –ø–æ—Å—Ç–∞—Ä—à–µ, –æ–±—É—á–∞—é—â–∏–µ –º—É–ª—å—Ç—Ñ–∏–ª—å–º—ã, –æ—Ç–µ—á–µ—Å—Ç–≤–µ–Ω–Ω—ã–µ –∏ –∑–∞—Ä—É–±–µ–∂–Ω—ã–µ –º—É–ª—å—Ç—Å–µ—Ä–∏–∞–ª—ã, –∞ —Ç–∞–∫–∂–µ –º—É–ª—å—Ç—Ñ–∏–ª—å–º—ã –¥–ª—è –≤–∑—Ä–æ—Å–ª—ã—Ö. –û–≥—Ä–æ–º–Ω–æ–µ –∫–æ–ª–∏—á–µ—Å—Ç–≤–æ –ø–æ–∑–Ω–∞–≤–∞—Ç–µ–ª—å–Ω—ã—Ö –ø–µ—Ä–µ–¥–∞—á –æ –ø—Ä–∏—Ä–æ–¥–µ, –æ —Å–ø–æ—Ä—Ç–µ, –æ–± –∏—Å–∫—É—Å—Å—Ç–≤–µ –∏ –∏—Å—Ç–æ—Ä–∏–∏, —Ä–∞–∑–≤–ª–µ–∫–∞—Ç–µ–ª—å–Ω—ã—Ö, –∫–æ–º–µ–¥–∏–π–Ω—ã—Ö –∏ –ø–∞—Ä–æ–¥–∏–π–Ω—ã—Ö —à–æ—É. –ò –∫–æ–Ω–µ—á–Ω–æ –∂–µ –∫–∏–Ω–æ!  - –¥–æ–∫—É–º–µ–Ω—Ç–∞–ª—å–Ω–æ–µ –∏ —Ö—É–¥–æ–∂–µ—Å—Ç–≤–µ–Ω–Ω–æ–µ, —Å–æ–≤—Ä–µ–º–µ–Ω–Ω–æ–µ –∏ –∫–ª–∞—Å—Å–∏–∫–∞, –ø–æ–ø—É–ª—è—Ä–Ω–æ–µ –∏ –æ—Å–æ–±–µ–Ω–Ω–æ–µ –¥–ª—è —Ü–µ–Ω–∏—Ç–µ–ª–µ–π –∫–∏–Ω–æ–∏—Å–∫—É—Å—Å—Ç–≤–∞...
–ú—ã —Ä–∞—Å—Ç–µ–º, –º—ã –æ–±–Ω–æ–≤–ª—è–µ–º—Å—è, –º—ã –ø—Ä–µ–¥–ª–∞–≥–∞–µ–º —Å–∞–º–æ–µ –ª—É—á—à–µ–µ. –ü—Ä–∏—Å–æ–µ–¥–∏–Ω—è–π—Ç–µ—Å—å –∫ –Ω–∞–º –≤—Å–µ–π —Å–≤–æ–µ–π –¥—Ä—É–∂–Ω–æ–π —Å–µ–º—å–µ–π. –° –Ω–∞–º–∏ –∏–Ω—Ç–µ—Ä–µ—Å–Ω–æ!",32009382022,49400000,3400,RU,"https://en.wikipedia.org/wiki/Television_program, https://en.wikipedia.org/wiki/Film, https://en.wikipedia.org/wiki/Entertainment"
JuegaGerman,Lento pero seguro. ,15050241042,49300000,2095,CL,"https://en.wikipedia.org/wiki/Action_game, https://en.wikipedia.org/wiki/Video_game_culture, https://en.wikipedia.org/wiki/Action-adventure_game"
SonyMusicIndiaVEVO,"Sony Music India on Vevo - Official Music Videos, Live Performances, Interviews and more...",29625362126,49100000,3656,N/A,"https://en.wikipedia.org/wiki/Music_of_Asia, https://en.wikipedia.org/wiki/Music, https://en.wikipedia.org/wiki/Pop_music"
Bad Bunny,"Bienvenid@s al canal oficial de YouTube de Bad Bunny.
¬°Encuentra todos los videos musicales y audios oficiales de Bad Bunny para todos sus √°lbumes, incluyendo Un Verano Sin Ti, El √öltimo Tour del Mundo, YHLQMDLG, X 100PRE, Las Que No Iban a Salir y m√°s!
",33629776619,47500000,154,PR,"https://en.wikipedia.org/wiki/Music_of_Latin_America, https://en.wikipedia.org/wiki/Music, https://en.wikipedia.org/wiki/Hip_hop_music"
Sony SAB,"Sony SAB brings you stories and characters, that inspire hope and happiness; to add a little bit of meaning to your life and that Khushiyon Wali Feeling!
",110194978622,89200000,79439,IN,"https://en.wikipedia.org/wiki/Television_program, https://en.wikipedia.org/wiki/Entertainment, https://en.wikipedia.org/wiki/Film"
Justin Bieber,Help change the world. JUSTICE the album out now https://JustinBieber.lnk.to/Justice,31666200645,72500000,249,CA,"https://en.wikipedia.org/wiki/Hip_hop_music, https://en.wikipedia.org/wiki/Music, https://en.wikipedia.org/wiki/Pop_music"
Colors TV,"Welcome to the official main channel of Colors TV!

Show some love people by subscribing to our channel: http://www.youtube.com/user/colorstv?sub_confirmation=1
Follow us on Google+: https://plus.google.com/108336806150063826507
Follow us on Facebook: https://www.facebook.com/ColorsTV
Follow us on Twitter: https://twitter.com/ColorsTV",67887322355,70300000,131881,IN,"https://en.wikipedia.org/wiki/Television_program, https://en.wikipedia.org/wiki/Entertainment, https://en.wikipedia.org/wiki/Film"
ChuChu TV Nursery Rhymes & Kids Songs,"ChuChu TV's Toddler Learning Videos are designed to engage kids with fun nursery rhymes and educational songs featuring colorful animations. Our team includes experts in early childhood education, writers, artists, animators, musicians, and parents of young children. While our primary creative team is in India, we work with partners in the US, UK, and Spain to ensure our content is culturally relevant and enjoyable for children worldwide.

Listen to ChuChu TV Songs on Spotify - http://chuchu.me/spotify

ChuChu TV is also available on platforms like Amazon Prime Video, Roku, Kiddoodle, and ChuChu TV Pro App.

Download ChuChuTV Pro App 

App Store Link - http://chuchu.me/ChuChuTViOS
Play Store Link - http://chuchu.me/ChuChuTVAndroid

Listen to ChuChu TV Songs on Spotify - http://chuchu.me/spotify

Enjoy & Have Fun with your little ones!",49446795575,69900000,771,IN,"https://en.wikipedia.org/wiki/Film, https://en.wikipedia.org/wiki/Entertainment, https://en.wikipedia.org/wiki/Music"
Mikecrack,"¬°Hola, soy Mikecrack, el Youtuber m√°s prro del mundo! üòÅ En mi canal encontrar√°s v√≠deos cargado de risas, aventura y emoci√≥n todas las semanas! üíé Estoy aqu√≠ para sacarte una sonrisa con los mejores v√≠deos sobre tus juegos favoritos, canciones, vlogs y experimentos! 

Aqu√≠ encontrar√°s la mejor serie de dibujos animados de Youtube: Las Perrer√≠as de Mike as√≠ como los v√≠deos m√°s divertidos de Minecraft, Roblox, Free Fire, Fortnite y muchas otras series de PVP y Roleplay muy divertidas!
 
¬°Tambi√©n hago muchos DIRECTOS, as√≠ que te recomiendo suscribirte y activar la campanita para no perd√©rtelos! VIVA EL DIAMANTITO Y EL CHOCOLATEEEE! üòç

¬øQuieres contactarme?
‚úâÔ∏è Business: business@diamantitos.com
‚úâÔ∏èCorreo para Fans:  mikies@diamantitos.com
üìÑ P√°gina Web: https://www.mikecrack.com/",17780220264,47500000,1988,ES,"https://en.wikipedia.org/wiki/Video_game_culture, https://en.wikipedia.org/wiki/Entertainment, https://en.wikipedia.org/wiki/Lifestyle_(sociology)"
Voot Kids,"We know parenting is tough, but we also know that parents are tougher! ;) That‚Äôs why Voot Kids is for all those parents out there who wish to give their kids the best of everything.
Voot Kids was born to make screen time more meaningful, and our journey to get there opened up a whole new world of fun and learning. With content aimed at engaging, enriching, and entertaining the little ones, Voot Kids also ensures parental supervision as an added measure. 
Of course, we don‚Äôt expect you to just take our word for it... so, why not try before you buy. Imagine a whole library of cartoons, audio books, e-books, and quizzes in one app; sounds like the start of a good habit to us! 

Watch Motu Patlu, Rudra, Shiva & more on https://www.jiocinema.com/tv-shows/family/3815166 for Free.
",22427866636,47100000,5346,IN,"https://en.wikipedia.org/wiki/Entertainment, https://en.wikipedia.org/wiki/Film, https://en.wikipedia.org/wiki/Television_program"
Fernanfloo,"Algunos dicen que soy un ""CRACK"" y otros dicen que soy un ""FAIL"", realmente no importa que soy, yo simplemente busco DIVERTIR y ENTRETENER =)

¬øCuando subes v√≠deos?
R// La verdad ni yo se cuando subir√© v√≠deo xD. Todo depende de que tan ZABROZONGO me sienta en ese momento :V",10510043721,46900000,544,SV,"https://en.wikipedia.org/wiki/Action_game, https://en.wikipedia.org/wiki/Entertainment, https://en.wikipedia.org/wiki/Action-adventure_game, https://en.wikipedia.org/wiki/Video_game_culture"
Shakira,Welcome to Shakira's Official YouTube Channel. Bienvenidos al Canal Oficial de Shakira en Youtube,29446247079,45500000,342,N/A,"https://en.wikipedia.org/wiki/Pop_music, https://en.wikipedia.org/wiki/Music_of_Latin_America, https://en.wikipedia.org/wiki/Music, https://en.wikipedia.org/wiki/Lifestyle_(sociology)"
Voc√™ Sabia?,"O Canal Voce Sabia reune as melhores curiosidades, historias e fatos interessantes do mundo. Lukas Marques e Daniel Molo
CONTATO COMERCIAL: contato@projetovs.com

Se ainda nao √© inscrito, se inscreva 
e descubra coisas que voc√™ sabia ou n√£o. 16/01/19",8012978306,45200000,1626,BR,"https://en.wikipedia.org/wiki/Knowledge, https://en.wikipedia.org/wiki/Entertainment, https://en.wikipedia.org/wiki/Lifestyle_(sociology)"
Jess No Limit,SUBSCRIBE! :),5853456505,45300000,2683,ID,https://en.wikipedia.org/wiki/Entertainment
Alan Walker,"üéµ New album out now -with new songs added every month in 2024 // üéÆ Island Code: 8641-0299-5423
",13693266820,44900000,519,NO,"https://en.wikipedia.org/wiki/Pop_music, https://en.wikipedia.org/wiki/Music, https://en.wikipedia.org/wiki/Electronic_music"
ZAMZAM ELECTRONICS TRADING,"For Paid Collaborations Contact On Our Customer Service ‚Ä¶..
We have 7 STORES in UAE all UAE cash on delivery available out of uae no delivery available 
‚ö°Ô∏è
1ST MAIN STORE BUR DUBAI LOCATION GOOGLE MAP
https://goo.gl/maps/F7LMHRD7bL8fC9yU8
‚ö°Ô∏è
2ND STORE BUR DUBAI LOCATION ON GOOGLE MAP
https://goo.gl/maps/RjxKQC1gzFgjMaEo6
‚ö°Ô∏è
3RD STORE JABIL ALI NEAR LAL CAMP LOCATION ON GOOGLE MAP
https://g.co/kgs/CHpVDo
‚ö°Ô∏è
4Th STORE MUSAFFA 26 ABU DHABI LOCATION ON GOOGLE MAP
https://goo.gl/maps/oS2EeGpj21VaztyRA
‚ö°Ô∏è
5TH STORE IN ROLLA SHARJAH LOCATION ON GOOGLE MAP
https://g.co/kgs/HjgyGt
‚ö°Ô∏è
6Th STORE WRITE ON GOOGLE ZAM ZAM ELECTRONICS AJMAN
‚ö°Ô∏è
7Th STORE WRITE ON GOOGLE ZAM ZAM ELECTRONICS ALAIN 
‚ö°Ô∏è
STORES NAME. ZAMZAM ELECTRONICS TRADING LLC
‚ö°Ô∏è
CONTACT
what‚Äôs app and mobile 
+971581679639
+971551887091
+971528225716
+971552034654 OFFICIAL REGISTERED WHATS APP
+971529030754
#galaxys10
#secondhand
#zamzam electronics trading llc",20118438895,45200000,17323,AE,"https://en.wikipedia.org/wiki/Film, https://en.wikipedia.org/wiki/Entertainment, https://en.wikipedia.org/wiki/Lifestyle_(sociology)"
Katy Perry,https://www.katyperry.com/,26265639619,44700000,135,US,"https://en.wikipedia.org/wiki/Entertainment, https://en.wikipedia.org/wiki/Music, https://en.wikipedia.org/wiki/Pop_music"
BRIGHT SIDE,"Whether you‚Äôre into recent discoveries, space exploration, true stories, fitness, fun tests, and riddles, or useful tips for self-improvement, psychology, gadgets, or just your day-to-day routine, there‚Äôs something for everyone!

You can expect all that and more coming at you in 3 top-quality videos every single day. If you‚Äôve got a thirst for knowledge that never quits, then join a community of tens of millions and growing! We have a good time, so take your shoes off, kick back, and make yourself at home here on the Bright Side of life!

Good news! We launched a new app for you üëâ http://bit.ly/Bs3App7
Join the world's largest community of good people! üòâ

For brand partnership enquires: brands@thesoul-publishing.com",10989194678,44500000,7278,N/A,"https://en.wikipedia.org/wiki/Knowledge, https://en.wikipedia.org/wiki/Lifestyle_(sociology)"
whinderssonnunes,"Lampi√£o do Youtube
Publicidade / Shows / Eventos: kaka@nonstopproducoes.com.br",4436981813,44500000,729,N/A,"https://en.wikipedia.org/wiki/Entertainment, https://en.wikipedia.org/wiki/Humour, https://en.wikipedia.org/wiki/Film, https://en.wikipedia.org/wiki/Lifestyle_(sociology)"
Kimberly Loaiza,"Hola linduras, gracias por ser parte de esta familia ‚ú®
Contacto: marcaskim@gmail.com üì©",6331382033,44200000,317,MX,https://en.wikipedia.org/wiki/Lifestyle_(sociology)
BETER B√ñC√úK,"contact@beterbocukteam.com

WELCOME TO OUR CHANNEL. WE WILL PRESENT YOU WITH NEW AND FUN CONTENT EVERY DAY.

KANALIMIZA HO≈ûGELDƒ∞Nƒ∞Z.HERG√úN YENƒ∞ VE EƒûLENCELƒ∞ ƒ∞√áERƒ∞KLERLE KAR≈ûINIZDA OLACAƒûIZ.

‡§π‡§Æ‡§æ‡§∞‡•á ‡§ö‡•à‡§®‡§≤ ‡§Æ‡•á‡§Ç ‡§Ü‡§™‡§ï‡§æ ‡§∏‡•ç‡§µ‡§æ‡§ó‡§§ ‡§π‡•à‡•§ ‡§π‡§Æ ‡§Ü‡§™‡§ï‡•á ‡§≤‡§ø‡§è ‡§π‡§∞ ‡§¶‡§ø‡§® ‡§®‡§à ‡§î‡§∞ ‡§Æ‡§ú‡•á‡§¶‡§æ‡§∞ ‡§∏‡§æ‡§Æ‡§ó‡•ç‡§∞‡•Ä ‡§™‡•ç‡§∞‡§∏‡•ç‡§§‡•Å‡§§ ‡§ï‡§∞‡•á‡§Ç‡§ó‡•á‡•§

WELCOME SA ATING CHANNEL. IBIBIGAY NAMIN SA IYO ARAW-ARAW NG BAGONG AT NAKAKATUWANG NILALAMAN.


WILLKOMMEN AUF UNSEREM KANAL. WIR PR√ÑSENTIEREN IHNEN JEDEN TAG NEUE UND SPASSIGE INHALTE.

AMPLEXUS NOSTRAE QUOTIDIE CONTENTUS IOCIS ET NOVIS ET LUDINIS TE offeremus.

–î–û–ë–†–û –ü–û–ñ–ê–õ–û–í–ê–¢–¨ –ù–ê –ù–ê–® –ö–ê–ù–ê–õ, –ö–ê–ñ–î–´–ô –î–ï–ù–¨ –ú–´ –ë–£–î–ï–ú –ü–†–ï–î–°–¢–ê–í–õ–Ø–¢–¨ –í–ê–ú –ù–û–í–´–ô –ò –ó–ê–ë–ê–í–ù–´–ô –ö–û–ù–¢–ï–ù–¢.

ŸÖÿ±ÿ≠ÿ®Ÿãÿß ÿ®ŸÉ ŸÅŸä ŸÇŸÜÿßÿ™ŸÜÿßÿå ÿ≥ŸÜŸÇÿØŸÖ ŸÑŸÉ ŸÖÿ≠ÿ™ŸàŸâ ÿ¨ÿØŸäÿØŸãÿß ŸàŸÖŸÖÿ™ÿπŸãÿß ŸÉŸÑ ŸäŸàŸÖ.

KANALIMIZGA Xush kelibsiz.HAR KUNI SIZLARGA YANGI VA QIZIQARLI MARTLAR BILAN TAQDIM ETAMIZ.

",26313957469,44300000,3936,TR,"https://en.wikipedia.org/wiki/Entertainment, https://en.wikipedia.org/wiki/Lifestyle_(sociology)"
Ishtar Music,"Ishtar (previously known as Venus Music) is an Indian music record label company acquired by Believe in 2019. 
This iconic music catalogue company in the Indian music industry was originally a movie and soundtrack production house founded in the 80‚Äôs that originated with the manufacturing of audio cassettes. It has created a unique portfolio in the music world with some of the biggest hits from the 1990‚Äôs to early 2000‚Äôs, building up a huge catalogue of Copyrights in Music of over 700 Hindi and Regional Movies and more than 3000 original titles.  Ishtar today is a market leader in the entertainment industry as a Record Label with worldwide presence, owning one of the biggest YouTube channels in India, providing content to more than 33 million subscribers.
SUBSCRIBE NOW - https://bit.ly/3r04IQv
For Licensing enquiries email: sync-india@believedigital.com
Romantic Songs: http://bit.ly/2bFeNNM | Sad Songs: http://bit.ly/2ch194S
LATEST RELEASE: https://bfan.link/aankh-hai-bhari-bhari-2-0
",19267657298,43800000,4546,IN,"https://en.wikipedia.org/wiki/Music, https://en.wikipedia.org/wiki/Music_of_Asia, https://en.wikipedia.org/wiki/Entertainment"
HolaSoyGerman.,Los Hombres De Verdad Usan Pantuflas De Perrito,4867791150,43700000,136,CL,"https://en.wikipedia.org/wiki/Film, https://en.wikipedia.org/wiki/Entertainment"
YOLO AVENTURAS,"Retos, bromas y diversi√≥n!!
¬°Suscr√≠bete para vivir una nueva aventura cada d√≠a ‚úåüèªüòé!

CONTACTO - PUBLICIDAD: Yoloaventuras@yolodigital.com",13728710199,44000000,2162,MX,"https://en.wikipedia.org/wiki/Entertainment, https://en.wikipedia.org/wiki/Lifestyle_(sociology)"
Speed Records,"Speed Records, the biggest Punjabi Music Record label in the world combining feet tapping tunes accompanied with vibrant voices as the identifier of Punjabi culture. With best of artistes in Punjabi Music and a huge repertoire of hits, this is your one stop destination for Punjabi Music!

Enjoy & stay connected with us!
‚ñ∫ Subscribe to Speed Records : http://bit.ly/SpeedRecords
‚ñ∫ Like us on Facebook: https://www.facebook.com/SpeedRecords
‚ñ∫ Follow us on Twitter: https://twitter.com/Speed_Records
‚ñ∫ Follow us on Instagram: https://instagram.com/speedrecords
‚ñ∫ Follow on Snapchat : https://www.snapchat.com/add/speedrecords
Website - http://www.speedrecordsworld.com/",27996997752,43300000,11268,IN,"https://en.wikipedia.org/wiki/Music_of_Asia, https://en.wikipedia.org/wiki/Music"
Like Nastya,"Welcome to Nastya's universe - where Nastya and her parents play, learn, sing, explore and share their life experiences. 

Millions of kids and families from all over the world join Nastya every day to explore the world and learn about songs, numbers, nature, colors, shapes, animals, and the importance of eating healthy food, washing hands, being a good friend, and much more.

Follow Like Nastya on Instagram - https://www.instagram.com/likenastya/
Follow Like Nastya on TikTok - https://www.tiktok.com/@likenastya

Copyright ¬© 2019 Like Nastya, LLC. All rights reserved. This visual production contains original artistic content and ideas and is protected by U.S. and international laws. Reproduction and distribution of this visual presentation without written expressed permission of the copyright holder/ author is prohibited.  For permission requests, write to copyright holder/ author, addressed to info@likenastya.com",97458967938,112000000,865,US,"https://en.wikipedia.org/wiki/Entertainment, https://en.wikipedia.org/wiki/Lifestyle_(sociology), https://en.wikipedia.org/wiki/Hobby"
Rihanna,"It‚Äôs hard to believe that Rihanna is only 30 years old. Yet within the 10 years since the start of her musical career, she‚Äôs become the youngest solo artist to score 14 No. 1 singles on the Billboard Hot 100 ‚Äî the fastest to do so ‚Äî she‚Äôs sold more than 54 million albums and 210 million tracks worldwide.
 
Rihanna is the ‚ÄúBest Selling Digital Artist of All Time"" with more than 100 million [RIAA] Gold & Platinum song certifications‚Äù and an eight-time Grammy Award winner who also counts 14 Billboard Music Awards among other countless music accolades.
 
Aside from her musical achievements, Rihanna is a bona fide business woman with multiple entrepreneurial ventures. However, most importantly, her undeniable cultural influence has forever imprinted her in history as a global Icon despite her young age.",23606574806,42700000,85,N/A,"https://en.wikipedia.org/wiki/Pop_music, https://en.wikipedia.org/wiki/Music"
Ricis Official,"Ria Ricis Official Account

Terima kasih sudah menonton. Semoga video yang diupload bisa menghibur kalian ya.

Find me on instagram : 
¬¨ https://instagram.com/riaricis1795?igshid=YmMyMTA2M2Y=
¬¨ https://instagram.com/ricisofficial_ytb?igshid=YmMyMTA2M2Y=",7173539155,42600000,3799,ID,https://en.wikipedia.org/wiki/Lifestyle_(sociology)
shfa2 - ÿ¥ŸÅÿß,,25867194491,42300000,1705,AE,https://en.wikipedia.org/wiki/Lifestyle_(sociology)
LUCCAS NETO - LUCCAS TOON,"Aqui voc√™ pode viver o seu sonho.
Use a imagina√ß√£o e a criatividade para viver um mundo de magia e fantasia!

ASSESSORIA: Assessoria@luccasneto.com.br
LICENCIAMENTO: Licenciamento@luccasneto.com.br
PUBLICIDADE: publicidade@luccasneto.com.br

Todos os epis√≥dios s√£o LIVRES para todas as idades.",24037928793,41900000,2554,BR,"https://en.wikipedia.org/wiki/Entertainment, https://en.wikipedia.org/wiki/Lifestyle_(sociology)"
Luisito Comunica,"El canal m√°s chido de YouTube

luisitocomunica@wearedw.com",9244025948,41700000,1326,MX,"https://en.wikipedia.org/wiki/Society, https://en.wikipedia.org/wiki/Lifestyle_(sociology), https://en.wikipedia.org/wiki/Tourism"
MrBeast Gaming,MrBeast Gaming - SUBSCRIBE OR ELSE,7411665984,41700000,141,US,"https://en.wikipedia.org/wiki/Action_game, https://en.wikipedia.org/wiki/Role-playing_video_game, https://en.wikipedia.org/wiki/Action-adventure_game, https://en.wikipedia.org/wiki/Video_game_culture, https://en.wikipedia.org/wiki/Strategy_video_game"
CarryMinati,"I am an Indian comedian, gamer, rapper. 

CarryisLive :  https://www.youtube.com/channel/UC0IW...

Instagram‚ñ∫ https://www.instagram.com/carryminati/
Facebook ‚ñ∫ https://www.facebook.com/CarryDeol/
Twitter ‚ñ∫ https://twitter.com/CarryMinati 
Snapchat‚ñ∫ heyAjey

Business Related queries: workforcarry@gmail.com 

About CarryMinati : Youthoob certified member

DISCLAIMER: Please don't go out of your way to  or hate on anyone I talk about in my videos, this channel is to entertain people and I usually focus on joking about what the people are doing in general & not the individual themselves, please don't go spreading hate it's all 
for laughs. For detailed disclaimer please refer to the below link.
https://bit.ly/3iRKHH8",3621312962,41300000,193,IN,"https://en.wikipedia.org/wiki/Film, https://en.wikipedia.org/wiki/Entertainment"
Sony PAL,,31360993915,41400000,26697,N/A,"https://en.wikipedia.org/wiki/Entertainment, https://en.wikipedia.org/wiki/Film, https://en.wikipedia.org/wiki/Television_program"
Super Simple Songs - Kids Songs,"Making learning fun and simple!

With billions of views, Super Simple Songs is a trusted resource for parents and teachers around the world. Our library of nursery rhymes, original songs, and animated videos are perfect for children between the ages of 1 and 8. Each video is carefully crafted to engage young viewers and make learning new concepts such as colors, counting, animals and more both fun and simple!

Our channel features a diverse range of fun characters, including: 

‚Ä¢ Finny the Shark
‚Ä¢ The Bumble Nums
‚Ä¢ Caitie from Caitie's Classroom
‚Ä¢ The Roundabouts
‚Ä¢ Noodle & Pals
‚Ä¢ Rhymington Square

Our videos are designed to be engaging and fun, helping children learn new concepts and skills while having a great time.

Whether you're a parent looking for engaging and age-appropriate videos for your child, or a teacher searching for new ways to make learning fun, we've got you covered. Explore our channel and discover the many ways we can help your child learn and grow.
",48848631176,41000000,780,CA,"https://en.wikipedia.org/wiki/Film, https://en.wikipedia.org/wiki/Lifestyle_(sociology), https://en.wikipedia.org/wiki/Entertainment, https://en.wikipedia.org/wiki/Music, https://en.wikipedia.org/wiki/Hobby"
Little Baby Bum - Nursery Rhymes & Kids Songs,"Little Baby Bum follows the musical adventures of Mia, Twinkle the Star and Baby Max. Everyday moments like bath time, getting dressed, or playing peekaboo become even more fun with new and classic nursery rhymes.

Little Baby Bum is an animated musical show that celebrates early childhood experiences and supports cognitive development through loveable characters, relatable stories and the magic of song, repetition, rhythm, and rhyme.

FOLLOW
LBB Complete Collection : https://LBB.lnk.to/CompleteCollectionYT!About
LBB Lullabies Complete Collection : https://lnk.to/LBBLullabiesGeneralYT!About
IG @moonbugentertainment : https://www.instagram.com/moonbugentertainment/
FB @MoonbugEntertainment : https://www.facebook.com/MoonbugEntertainment   

Moonbug Entertainment is behind some of the most popular kids‚Äô titles in the world, including global sensations CoComelon, Blippi, Little Baby Bum and many more. Moonbug's titles are available in 27 languages on all major streaming platforms.
",40109590274,40900000,2570,US,"https://en.wikipedia.org/wiki/Entertainment, https://en.wikipedia.org/wiki/Film, https://en.wikipedia.org/wiki/Music"
Goldmines Gaane Sune Ansune,"Goldmines Gaane Sune Ansune takes you on a melodious journey through Indian music. It offers you Music from different genres, be it Soft, Lyrical, Bhangra, Indi - Pop, Bollywood and much more.

We play the right hindi songs that soothe every individual, every occassion and every mood. Soulful sufi, rhythmic retro, intriguing indie- rock, foot - tapping populars, nostalgic classics - Log on to Youtube  and tune in to Gaane Sune Ansune to listen your all time favourites, any time, any day.",18086708193,40800000,3682,IN,"https://en.wikipedia.org/wiki/Music_of_Asia, https://en.wikipedia.org/wiki/Entertainment, https://en.wikipedia.org/wiki/Music, https://en.wikipedia.org/wiki/Film"
shfa,"to contact : shfaworld@gmail.com
ÿ™ÿßÿ®ÿπŸàŸÜÿß ÿπŸÑŸâ ÿßŸÜÿ≥ÿ™ÿ∫ÿ±ÿßŸÖ : https://www.instagram.com/shfa_family/ 


",23518982124,40700000,1075,AE,https://en.wikipedia.org/wiki/Lifestyle_(sociology)
Fede Vigevani,"hola soy fede, intento hacer videos graciosos",11198869700,40900000,1213,MX,"https://en.wikipedia.org/wiki/Entertainment, https://en.wikipedia.org/wiki/Lifestyle_(sociology)"
elrubiusOMG,"Bienvenidos a mi canal! Esto es una descripci√≥n. Y en la descripci√≥n se supone que tengo que poner algo sobre lo que trata mi canal...

PUES BIEN. Mi canal es de Gayplays de Minecr... Wait. No. Mi canal es de Gayplays en general, pero nunca juego a nada predefinido. Algun d√≠a os encontrareis con juegos de terror, otro con juegos divertidos, otro juegos indie, etc. pero no solo subo Gayplays! Soy mas conocido por mis montajes ""random"" de GTA V, Skyrim (Que llevo eones sin subir), Garrys Mod, Juegos en 1 minuto y mucho mas!

A veces tambi√©n me da por trollear y hago montajes de los mejores momentos en Chatroulette, Trollefono, c√°maras ocultas, etc. 

A veces tambi√©n me pongo tierno y os ense√±o mi lado mas sessy y personal en los Meet The Rubius y los Epic Vlogs.

Mejor me callo y empiezas a descubrir tu de que va el canal. Por que esto de la descripci√≥n ya esta pareciendo mas bien la teletienda donde te intento vender la moto. COMPRA MI MOTO.",7434718835,40300000,701,N/A,"https://en.wikipedia.org/wiki/Action_game, https://en.wikipedia.org/wiki/Action-adventure_game, https://en.wikipedia.org/wiki/Video_game_culture, https://en.wikipedia.org/wiki/Role-playing_video_game"
WorkpointOfficial,‡∏™‡∏ñ‡∏≤‡∏ô‡∏µ‡∏Ñ‡∏ß‡∏≤‡∏°‡∏ö‡∏±‡∏ô‡πÄ‡∏ó‡∏¥‡∏á‡∏ï‡∏•‡∏≠‡∏î 24 ‡∏ä‡∏±‡πà‡∏ß‡πÇ‡∏°‡∏á ‡∏≠‡∏µ‡∏Å‡∏´‡∏ô‡∏∂‡πà‡∏á‡∏ä‡πà‡∏≠‡∏á‡∏ó‡∏≤‡∏á‡πÄ‡∏û‡∏∑‡πà‡∏≠‡πÅ‡∏ü‡∏ô‡∏£‡∏≤‡∏¢‡∏Å‡∏≤‡∏£‡∏Ç‡∏≠‡∏á Workpoint ‡∏ó‡πà‡∏≤‡∏ô‡∏™‡∏≤‡∏°‡∏≤‡∏£‡∏ñ‡∏î‡∏π‡∏£‡∏≤‡∏¢‡∏Å‡∏≤‡∏£‡∏ï‡πà‡∏≤‡∏á‡πÜ‡∏¢‡πâ‡∏≠‡∏ô‡∏´‡∏•‡∏±‡∏á ‡πÅ‡∏•‡∏∞‡∏ï‡∏¥‡∏î‡∏ï‡∏≤‡∏°‡∏ó‡∏∏‡∏Å‡∏Ñ‡∏ß‡∏≤‡∏°‡πÄ‡∏Ñ‡∏•‡∏∑‡πà‡∏≠‡∏ô‡πÑ‡∏´‡∏ß‡∏î‡πâ‡∏≤‡∏ô‡∏Ñ‡∏ß‡∏≤‡∏°‡∏ö‡∏±‡∏ô‡πÄ‡∏ó‡∏¥‡∏á‡πÑ‡∏î‡πâ‡∏ó‡∏µ‡πà‡∏ô‡∏µ‡πà,37451487571,40200000,78502,TH,"https://en.wikipedia.org/wiki/Music, https://en.wikipedia.org/wiki/Film, https://en.wikipedia.org/wiki/Entertainment, https://en.wikipedia.org/wiki/Television_program"
ABP NEWS,"ABP News is a news hub that provides you with comprehensive up-to-date Hindi news coverage from all over India and World. Get the latest Hindi top stories, Hindi Breaking Stories, Hindi live news, current affairs news in Hindi, Sports News in Hindi, Business News in Hindi, Entertainment News in Hindi, politics News in Hindi, astrology News in Hindi, spirituality News in Hindi, and many more here only on #abpnews 

Watch ABP News Live TV and stay tuned for all the breaking news in Hindi !

The vision of the channel is #AapkoRakheAagey  -the promise of keeping each individual ahead and informed. ABP News is best defined as a responsible channel with a fair and balanced approach that combines prompt reporting with insightful analysis of news and current affairs.

ABP News maintains the repute of being a people's channel. It's cutting-edge formats and state-of-the-art newsrooms commanded the attention of 48 million Indians weekly.",14975134797,40300000,349935,IN,N/A
GR6 EXPLODE,,27057346661,40100000,3215,BR,"https://en.wikipedia.org/wiki/Music_of_Latin_America, https://en.wikipedia.org/wiki/Music, https://en.wikipedia.org/wiki/Hip_hop_music"
TEDx Talks,"TEDx is an international community that organizes TED-style events anywhere and everywhere -- celebrating locally-driven ideas and elevating them to a global stage. TEDx events are produced independently of TED conferences, each event curates speakers on their own, but based on TED's format and rules.

For more information on using TED for commercial purposes (e.g. employee learning, in a film or online course), please submit a Media Request here: https://media-requests.ted.com.",7708778531,40100000,210197,N/A,"https://en.wikipedia.org/wiki/Lifestyle_(sociology), https://en.wikipedia.org/wiki/Knowledge"
XXXTENTACION,"on youtube I will be gaming with fans and friends and expanding my fanbase beyond comparison, I want to be bigger than an artist or ""rapper"" so feel free to contact me to game on here and to invite me to gaming sessions! add me on skype @makeouthill,

I love you all.",10853942580,39900000,135,US,"https://en.wikipedia.org/wiki/Pop_music, https://en.wikipedia.org/wiki/Hip_hop_music, https://en.wikipedia.org/wiki/Music, https://en.wikipedia.org/wiki/Electronic_music"
Vlad and Niki,"‚ÄúVlad & Niki‚Äù is the global preschool phenomenon and highest rated kids channel on YouTube starring the imaginative personalities and antics of brothers Vlad and Niki, who are showcased in non-stop fun and crazy adventures. Since launching on YouTube in 2018, the ‚ÄúVlad & Niki‚Äù has attracted more than 405+ million subscribers worldwide and 220+ billion views, while averaging five billion monthly views on 21 channels and translated into 18 languages. Each episode is produced with a creative mix of live action, animation and music to create comedic videos for the preschool demographic. ""Vlad & Niki"" is the property of Content Media Group FZC, LLC, headed by co-founders Sergey and Victoria Vashketov, the parents of global superstar kidfluencers Vlad and Niki.

Contact for advertising
vladandniki@underscoretalent.com
",84837693284,110000000,655,US,"https://en.wikipedia.org/wiki/Music, https://en.wikipedia.org/wiki/Lifestyle_(sociology), https://en.wikipedia.org/wiki/Hobby"
Like Nastya ESP,,19419541273,39600000,809,US,"https://en.wikipedia.org/wiki/Entertainment, https://en.wikipedia.org/wiki/Lifestyle_(sociology)"
Total Gaming,"Hi Gamers,  I'm AJAY! Here you will see me playing PC games and Mobile Games having some fun.

I Playing Free Fire, Call Of Duty Mobile, Pubg And GTA 5 With You On Total Gaming Channel.

Fully Indian Gamer With Hindi Commentary.

Youtube Started 2 December 2018.

Business Email: business@totalgaming.in

For Contact: Join My Discord :- http://bit.ly/totalgamingdiscprd",5203770190,39500000,890,IN,"https://en.wikipedia.org/wiki/Role-playing_video_game, https://en.wikipedia.org/wiki/Action_game, https://en.wikipedia.org/wiki/Video_game_culture, https://en.wikipedia.org/wiki/Action-adventure_game"
Maria Clara & JP,"Sejam bem vindos ao canal da Maria Clara e JP! 
Aqui no nosso canal voc√™ encontrar√° n√£o s√≥ v√≠deos divertidos, mas tamb√©m √∫teis e educativos para crian√ßas, ajudando-as a entender a import√¢ncia da fam√≠lia, da amizade e apoio m√∫tuo.

Instagram: @mariaclara_e_jp 
Facebook: @mariaclaraejp

Muito obrigado a todos voc√™s que nos acompanham e s√£o inscritos no nosso canal. Amamos voc√™s‚ù§Ô∏è

",26113214566,39400000,785,BR,"https://en.wikipedia.org/wiki/Entertainment, https://en.wikipedia.org/wiki/Lifestyle_(sociology), https://en.wikipedia.org/wiki/Hobby"
Markiplier,"Hi, I'm Markiplier. I make videos. 

From quality content to meme-able garbage, from scary games to full-on interactive movies you'll find it all. You will, actually. I have over 5000 videos so I'm sure there's something you'd like. 

Maybe you like horror games, or funny games, or comedy sketches, or animations, or compilations, or reactions, or reviews, or challenges, or cryptic lore, or mind-crippling ennui, or stuff-that-is-guaranteed-to-probably-make-you-cry? Whatever you're into I'm sure there's something for you down in the briny deep of my video page. So why not dive in?

Or don't. Life is yours to choose after all.
",21145600113,36400000,5571,US,"https://en.wikipedia.org/wiki/Action_game, https://en.wikipedia.org/wiki/Role-playing_video_game, https://en.wikipedia.org/wiki/Action-adventure_game, https://en.wikipedia.org/wiki/Video_game_culture"
VanossGaming,Official Vanoss Gaming YouTube Channel.,15908844377,25900000,1860,US,"https://en.wikipedia.org/wiki/Action-adventure_game, https://en.wikipedia.org/wiki/Role-playing_video_game, https://en.wikipedia.org/wiki/Action_game, https://en.wikipedia.org/wiki/Video_game_culture"
VEGETTA777,"CODIGO CREADOR FORTNITE - VEGETTA777

‚ô•‚ô•‚ô•‚ô•‚ô•‚ô•‚ô•‚ô•‚ô•‚ô•‚ô•‚ô•‚ô•‚ô•‚ô•‚ô•‚ô•‚ô•‚ô•‚ô•‚ô•‚ô• UNICORNIO MORADO  ‚ô•‚ô•‚ô•‚ô•‚ô•‚ô•‚ô•‚ô•‚ô•‚ô•‚ô•‚ô•‚ô•‚ô•‚ô•‚ô•‚ô•‚ô•‚ô•‚ô•‚ô•‚ô• 

INFORMACION DEL CANAL: Es un canal dedicado a los videojuegos dirigido por un chico amante de los unicornios y que vive con un duende asesino en su habitaci√≥n, si te suscribes corres el riesgo de caer en mi locura, y no solo lo digo yo, tambi√©n la mujer que aparece por las noches en el techo de mi cuarto! Un besitoooo ^^

*********** REDES SOCIALES Y CANAL DE TWITCH ***********

- TWITCH:http://goo.gl/V8MZfM
- TWITTER: http://goo.gl/s0ScyN
- FACEBOOK (PAGINA): http://goo.gl/Gfj14j
- FACEBOOK (PERFIL): http://goo.gl/vq5YU1
- MI APP CUQUI: http://goo.gl/Iaue6
- INSTAGRAM: http://goo.gl/m33DQo
- GOOGLE+: http://goo.gl/oXY9jZ

Business: vegetta777@vizz-agency.com",15678638860,34000000,7837,N/A,"https://en.wikipedia.org/wiki/Action_game, https://en.wikipedia.org/wiki/Role-playing_video_game, https://en.wikipedia.org/wiki/Action-adventure_game, https://en.wikipedia.org/wiki/Video_game_culture, https://en.wikipedia.org/wiki/Strategy_video_game"
Felipe Neto,"Clique no ‚Äúinscreva-se‚Äù, √© m√°gico!",17356151241,46100000,4620,BR,"https://en.wikipedia.org/wiki/Action-adventure_game, https://en.wikipedia.org/wiki/Role-playing_video_game, https://en.wikipedia.org/wiki/Lifestyle_(sociology), https://en.wikipedia.org/wiki/Video_game_culture, https://en.wikipedia.org/wiki/Entertainment"
Lachlan,"Hey There!

The name's Lachlan, and welcome to my Youtube Channel!

Here I play a bunch of video games including Fortnite (Just kidding its pretty much Fortnite)

‚ù± Minecraft Account Username: Lachlan
‚ù± Pokemon Go Username: Lachlan485
‚ù± Fortnite Account name (PC): PWR Lachy
‚ù± Reddit Account: Lachlan_
====
My Social Links (Be sure to Follow!):
‚ù± Twitter |  https://twitter.com/LachlanYT
‚ù± Instagram | http://instagram.com/Lachlan
‚ù± TikTok | https://www.tiktok.com/@Lachlan
====",5472306844,15000000,3880,AU,"https://en.wikipedia.org/wiki/Action-adventure_game, https://en.wikipedia.org/wiki/Action_game, https://en.wikipedia.org/wiki/Video_game_culture, https://en.wikipedia.org/wiki/Role-playing_video_game"
rezendeevil,"Contato Comercial: Rezende@adragencia.com.br

Instagram: rezende
Twitter: @rezende_evil
Snapchat: Imrezende",13330285846,32500000,12068,BR,"https://en.wikipedia.org/wiki/Lifestyle_(sociology), https://en.wikipedia.org/wiki/Entertainment"
jacksepticeye,"I play videogames but I also make other content like Try not to laugh, reacting to tik toks, meme review and IRL content. A lot of people come to my channel for long let's plays, especially for Sony Exclusive games from Playstation.",16620022791,30600000,5181,IE,"https://en.wikipedia.org/wiki/Action_game, https://en.wikipedia.org/wiki/Role-playing_video_game, https://en.wikipedia.org/wiki/Video_game_culture, https://en.wikipedia.org/wiki/Action-adventure_game"
DanTDM,"non-daily videos..

BUSINESS ONLY :: management@dantdmteam.com",19725359275,28500000,3704,GB,"https://en.wikipedia.org/wiki/Action_game, https://en.wikipedia.org/wiki/Role-playing_video_game, https://en.wikipedia.org/wiki/Action-adventure_game, https://en.wikipedia.org/wiki/Video_game_culture"
SSSniperWolf,"Hi I'm SSSniperWolf! You can call me Lia, sniper wolf or sssniperwolf! I love gaming and making videos! Subscribe to join the Wolfpack",24587674376,34300000,3486,US,"https://en.wikipedia.org/wiki/Entertainment, https://en.wikipedia.org/wiki/Lifestyle_(sociology)"
Jelly,"Hi there, welcome to my channel! My name is Jelly and I'm a child friendly Youtuber! Make sure to SUBSCRIBE for daily videos on various games! And ofcourse endless funny moments! üòÇ",14993084815,23600000,6273,GB,"https://en.wikipedia.org/wiki/Action_game, https://en.wikipedia.org/wiki/Action-adventure_game, https://en.wikipedia.org/wiki/Video_game_culture, https://en.wikipedia.org/wiki/Role-playing_video_game"
Ninja,"Tyler ""Ninja"" Blevins is a professional Battle Royale Player and Streamer. He currently is playing Fortnite, Valorant, and Warzone
*Accomplishments*
- 1st Place Fortnite Celebrity Pro-Am Tournament E3 2018
- 1st Place PUBG Squads Gamescom Invitational 2017
- 2nd Place H1Z1 5s Dreamhack 2017
- 1st Place H1Z1 Invitational 2015
- 1st Place Halo 4 Dallas 2012
- 1st Place AGL 8 Knoxville

He is known for his goofy energetic personality and his incredible impressions.

Be sure to check out the official #TeamNinja brand: www.teamninja.com 

CIO @ $GAME
",2644047820,23900000,1922,US,"https://en.wikipedia.org/wiki/Action-adventure_game, https://en.wikipedia.org/wiki/Role-playing_video_game, https://en.wikipedia.org/wiki/Action_game, https://en.wikipedia.org/wiki/Video_game_culture"
The Game Theorists,"Hello Internet! Welcome to GAME THEORY! If you‚Äôre like us, then you‚Äôve probably wondered about the secrets hidden in your favorite games. We explore the vast lore of Minecraft, piece together the craziest FNAF conspiracies, and cover the whole world of indie gaming on this channel. Join the ORIGINAL Team Theorist and Level up by hitting subscribe!

For even more theories, check out our other channels: Food Theory, Film Theory, and Style Theory!

We have a strict policy on image use for our videos, which includes only using images licensed for reuse. If we use fanart we try to find a proper source to credit the artist, but sometimes things slip through. If you think we have used your art without your permission please let us know on the Game Theorist subreddit.
",4057308036,18900000,672,US,"https://en.wikipedia.org/wiki/Action-adventure_game, https://en.wikipedia.org/wiki/Role-playing_video_game, https://en.wikipedia.org/wiki/Action_game, https://en.wikipedia.org/wiki/Video_game_culture"
EvanTubeHD,"Welcome to EvanTubeHD! Over 10 years entertaining viewers with positive family-friendly content.

Contact: evantubehd-inquiries@pocket.watch 
",4573673379,7020000,931,US,"https://en.wikipedia.org/wiki/Hobby, https://en.wikipedia.org/wiki/Lifestyle_(sociology), https://en.wikipedia.org/wiki/Entertainment"
David Dobrik,"To see what I'm doing when I'm not vlogging add me on snapchat: @DavidDobrik
Business: DavidDobrikBusiness@gmail.com",7220795091,17600000,536,US,"https://en.wikipedia.org/wiki/Entertainment, https://en.wikipedia.org/wiki/Lifestyle_(sociology), https://en.wikipedia.org/wiki/Film"
