,ID
0,@youtubetv
1,@TalentRecap
2,@loveyourself.alexander
3,@RealEngineering
4,UCoyub7VNsQDEgCDCyfwrGBw
5,@OutdoorBoys
6,@TheWorldofBoxing
7,@failarmy
8,@AmbientRenders
9,@eons
10,@HISTORY
11,@hcmustangnetwork6775
12,UClW4jraMKz6Qj69lJf-tODA
13,UCfaTFCTvP8LVmJ4vZNUIRyQ
14,UCSOfUqPoqpp5aWDDnAyv94g
15,UCXY5pi3MbsaP1WEgClmglsA
16,UCFC9LamNMmLioW643VZ40OA
17,UC6UAOxnKL0yu0ge9WhF9Wtg
18,UCN9HPn2fq-NL8M5_kp4RWZQ
19,UCteFOtSvvbnceka5zKsHBYw
20,@popmusic28322
21,@HighlightReelSports
22,@ClassicalMasterpiecesNo1
23,@StuffMadeHere
24,@BleacherReport
25,@fortnite
26,@paramountplus
27,@Grian
28,UCAxUOuaNs8e63_MRqhTdmaQ
29,@GoodTimesWithScar
30,UCs6eXM7s8Vl5WcECcRHc2qQ
31,@WWE
32,@MaxCraftYT
33,UCRQ6wJbGwbF9Wmvp5HfT7Pg
34,@streetfighter
35,@FoxNews
36,@cozycoffeeshopofficial
37,@PeterSantenello
38,@FilmTheory
39,@grainger
40,@MrBeast
41,@SevenPointer
42,@GloomzyFN
43,@TripperTours
44,@SBMowing
45,@EntertainmentAccess
46,@KitchenNightmares
47,@jackfrags
48,@HowToCookThat
49,@jaiden
50,@BusinessInsider
51,@TGplays
52,@YouTube
53,@SarahRosebud
54,@DavvyChappy
55,@Kanekuo
56,@Miscast
57,@dicebreaker
58,@dimension20show
59,@criticalrole
60,@Roll20App
61,@IncredibleDream
62,@outsidextra
63,@NoRollsBarred
64,@brickstudiosYT
65,@SoulfulScreen
66,@QuantumTech
67,@CatAngelsUnited
68,@GoogleChrome
69,UCNlfGuzOAKM1sycPuM_QTHg
70,@NBCNews
71,@BlueyOfficialChannel
72,@thedealguy
73,@RealLifeLore
74,@therealalbladez
75,@relaxationlofichill4087
76,UCKaVy2HTwWOoNAMFXbG1qbw
77,@guitarinstrumental.no1
78,@ClassicMusic96
79,@MusicHealstheSoul98
80,@TOP_SONG_ONE68
81,@RickBeato
82,@softrock1999
83,@SkyNewsAustralia
84,@LofiGirl
85,@veritasium
86,@PawnStars
87,@PeacefulRelaxation810
88,@mkbhd
89,@GQsports
90,@trailerspot4k
91,@pixar
92,@PewDiePie
93,@ThatMumboJumbo
94,@maryo.paddock8093
95,@souldeep2549
96,@NewCountryMelody
97,@SpongeBobOfficial
98,@SeaDeep999
99,@garwoodborough
100,@msnbc
101,@ClassicRockCollection-vbdl
102,@PVSchools
103,@Settledrs
104,@Deep-Board
105,@TCNetwork
106,@utahcleanenergy
107,@cas
108,@Jynxzi
109,@lalalandd
110,@999-Remix
111,@telegraph
112,@Aestheticlofi.
113,@TDBRICKS
114,@RedlistCountry8888
115,@SaturdayNightLive
116,@jolly
117,@BestDoc
118,@ClassicRock-1
119,UCyUTC3jCAaLd639lo9n9Bqw
120,@McCormickandCompanyInc
121,UCBRpkEsBUta7nhFxQ-IBHMg
122,@SoulRadio_LA
123,@Apple
124,UCab5PkhF07vDdTj5BRku5pg
125,@TopAlternativeRock_
126,@HouseRelax6688
127,@JunkyardDigs
128,@reggaemusic1
129,@Mr.B.2024
130,@ABC7
131,@Jermie1
132,@haciendalapuenteunifiedsch8603
133,@TasteofCountryMusic
134,@ActionSociety
135,@guardiannews
136,@eduardo62762
137,@Archdigest
138,@JREDailyClips
139,@ClassicalMastermind
140,@PrestonPlayz
141,@ItsDavisss
142,@bossanovajazz4006
143,@BBC
144,@DharMann
145,@ComedyBites
146,@FoxBusiness
147,@Eternityinspace
148,@MeditativeVibes95
149,@BassBoostMusic-studio
150,@VladandNiki
151,@TheTrenchFamily
152,@Soul70sCollection211
153,@tiktoktr3nds
154,@chainsfrshorts
155,@paramountpictures
156,@rebeccazamolo
157,@weluckusa
158,@GuitarSongsMusic
159,@RelaxingMelody88
160,@wbkids
161,@60minutes
162,@VICENews
163,@Mattiaskrantz
164,@smartereveryday
165,@PhilEdwardsInc
166,@ABCNews
167,@church_extension_plan
168,UCnLjr0czO5zPsJYubbrvHCw
169,@WASenate-Streaming
170,@CountryCast
171,@LucidDream55
172,@Craftee
173,@REBOUNDfootball
174,@Paleovalley
175,@NEWS9OklahomaCity
176,@CleaningTheDirtiest
177,@financeeconomist
178,@Unspeakable
179,@NFLVault
180,@googleplay
181,@MotherTheMountain
182,@GeographyByGeoff
183,@mad_lab
184,@HALIDONMUSIC
185,@RealAlexClark
186,@SelectedSoundsSpain
187,@rnbsoulrhyhtm
188,@JazzHousee
189,@MovieguideOrg
190,@ghiblimusic377
191,@wgntv
192,@KiunB
193,@JKrewGaming
194,@TheB1M
195,@ClubShayShay
196,@TinaMiniCooking
197,@KingSwish.
198,@HeechulismTV
199,@DSARM
200,@PieInsurance
201,@SoftRockRhythms
202,@NickDiGiovanni
203,@cnnnews18
204,@tech___zone
205,@JAZZBLUES37999
206,@MagicClub686
207,@HolidayHitsRadio
208,@disneyjunior
209,@McCormickVideos
210,@queenradio123
211,@sabtuxahad
212,@Hollywood_Action23
224,@WillTennyson
